,observed,expected
,0.22,0.22748
,0.27,0.27611
,0.40,0.40649
,0.49,0.49299
,0.73,0.72426
,0.88,0.87716
,1.30,1.28386
,1.58,1.55110
,2.31,2.25557
,2.78,2.71353
,4.00,3.90239
,4.77,4.66125
,6.69,6.58169
,7.85,7.77147
,10.59,10.66403
,12.16,12.37566
,15.59,16.30170
